<?xml version="1.0" encoding="UTF-8"?>
<!DOCTYPE suite SYSTEM "http://testng.org/testng-1.0.dtd">
<suite name="All Test">
  <test name="LoginTest">
    <classes>
      <class name="com.uiFramework.companyName.bhanuProjectName.testScripts.loginPage.LoginTest"/>
    </classes>
  </test>
   <test name="RegistrationTest">
    <classes>
      <class name="com.uiFramework.companyName.bhanuProjectName.testScripts.registration.RegistrationTest"/>
    </classes>
  </test>
   <test name="VerifyLowestFirstPriceFilter">
    <classes>
      <class name="com.uiFramework.companyName.bhanuProjectName.testScripts.productDetailsPage.VerifyLowestFirstPriceFilter"/>
    </classes>
  </test>
</suite> 
